-- PopulaTabelas.sql

-- Insert grupos
INSERT INTO CADGRUPOPRODUTO (DESCRICAO) VALUES ('Bebidas');
INSERT INTO CADGRUPOPRODUTO (DESCRICAO) VALUES ('Lanches');
INSERT INTO CADGRUPOPRODUTO (DESCRICAO) VALUES ('Sobremesas');

-- Insert 15 produtos (CODIGO_GRUPO cycles)
INSERT INTO CADPRODUTO (DESCRICAO,CODIGO_GRUPO,VALOR) VALUES ('Produto 1', 1, 4.50);
INSERT INTO CADPRODUTO (DESCRICAO,CODIGO_GRUPO,VALOR) VALUES ('Produto 2', 2, 6.00);
INSERT INTO CADPRODUTO (DESCRICAO,CODIGO_GRUPO,VALOR) VALUES ('Produto 3', 3, 7.50);
INSERT INTO CADPRODUTO (DESCRICAO,CODIGO_GRUPO,VALOR) VALUES ('Produto 4', 1, 9.00);
INSERT INTO CADPRODUTO (DESCRICAO,CODIGO_GRUPO,VALOR) VALUES ('Produto 5', 2, 10.50);
INSERT INTO CADPRODUTO (DESCRICAO,CODIGO_GRUPO,VALOR) VALUES ('Produto 6', 3, 12.00);
INSERT INTO CADPRODUTO (DESCRICAO,CODIGO_GRUPO,VALOR) VALUES ('Produto 7', 1, 13.50);
INSERT INTO CADPRODUTO (DESCRICAO,CODIGO_GRUPO,VALOR) VALUES ('Produto 8', 2, 15.00);
INSERT INTO CADPRODUTO (DESCRICAO,CODIGO_GRUPO,VALOR) VALUES ('Produto 9', 3, 16.50);
INSERT INTO CADPRODUTO (DESCRICAO,CODIGO_GRUPO,VALOR) VALUES ('Produto 10', 1, 18.00);
INSERT INTO CADPRODUTO (DESCRICAO,CODIGO_GRUPO,VALOR) VALUES ('Produto 11', 2, 19.50);
INSERT INTO CADPRODUTO (DESCRICAO,CODIGO_GRUPO,VALOR) VALUES ('Produto 12', 3, 21.00);
INSERT INTO CADPRODUTO (DESCRICAO,CODIGO_GRUPO,VALOR) VALUES ('Produto 13', 1, 22.50);
INSERT INTO CADPRODUTO (DESCRICAO,CODIGO_GRUPO,VALOR) VALUES ('Produto 14', 2, 24.00);
INSERT INTO CADPRODUTO (DESCRICAO,CODIGO_GRUPO,VALOR) VALUES ('Produto 15', 3, 25.50);

-- Insert 40+ vendas com items, pagamentos, descontos
INSERT INTO VENDA (DATA,VALOR_BRUTO,VALOR_DESCONTO,VALOR_LIQUIDO,CANCELADA) VALUES ('2025-08-22', 0.00, 0.00, 0.00, 'N');
INSERT INTO VENDAITEM (CODIGO_VENDA,CODIGO_PRODUTO,VALOR,QTDE,VALOR_SUBTOTAL) VALUES (1, 2, 6.00, 1, 6.00);
INSERT INTO VENDAITEM (CODIGO_VENDA,CODIGO_PRODUTO,VALOR,QTDE,VALOR_SUBTOTAL) VALUES (1, 3, 7.50, 2, 15.00);
INSERT INTO VENDARECEITA (CODIGO_VENDA,CODIGO_RECEITA,DESCRICAO_RECEITA,VALOR) VALUES (1, 2, 'Cartão Crédito', 0.00);
INSERT INTO VENDA (DATA,VALOR_BRUTO,VALOR_DESCONTO,VALOR_LIQUIDO,CANCELADA) VALUES ('2025-08-23', 0.00, 0.00, 0.00, 'N');
INSERT INTO VENDAITEM (CODIGO_VENDA,CODIGO_PRODUTO,VALOR,QTDE,VALOR_SUBTOTAL) VALUES (2, 3, 7.50, 1, 7.50);
INSERT INTO VENDAITEM (CODIGO_VENDA,CODIGO_PRODUTO,VALOR,QTDE,VALOR_SUBTOTAL) VALUES (2, 4, 9.00, 2, 18.00);
INSERT INTO VENDAITEM (CODIGO_VENDA,CODIGO_PRODUTO,VALOR,QTDE,VALOR_SUBTOTAL) VALUES (2, 5, 10.50, 3, 31.50);
INSERT INTO VENDARECEITA (CODIGO_VENDA,CODIGO_RECEITA,DESCRICAO_RECEITA,VALOR) VALUES (2, 3, 'Cartão Débito', 0.00);
INSERT INTO VENDA (DATA,VALOR_BRUTO,VALOR_DESCONTO,VALOR_LIQUIDO,CANCELADA) VALUES ('2025-08-24', 0.00, 0.00, 0.00, 'N');
INSERT INTO VENDAITEM (CODIGO_VENDA,CODIGO_PRODUTO,VALOR,QTDE,VALOR_SUBTOTAL) VALUES (3, 4, 9.00, 1, 9.00);
INSERT INTO VENDAITEM (CODIGO_VENDA,CODIGO_PRODUTO,VALOR,QTDE,VALOR_SUBTOTAL) VALUES (3, 5, 10.50, 2, 21.00);
INSERT INTO VENDAITEM (CODIGO_VENDA,CODIGO_PRODUTO,VALOR,QTDE,VALOR_SUBTOTAL) VALUES (3, 6, 12.00, 3, 36.00);
INSERT INTO VENDAITEM (CODIGO_VENDA,CODIGO_PRODUTO,VALOR,QTDE,VALOR_SUBTOTAL) VALUES (3, 7, 13.50, 1, 13.50);
INSERT INTO VENDARECEITA (CODIGO_VENDA,CODIGO_RECEITA,DESCRICAO_RECEITA,VALOR) VALUES (3, 1, 'Dinheiro', 0.00);
INSERT INTO VENDA (DATA,VALOR_BRUTO,VALOR_DESCONTO,VALOR_LIQUIDO,CANCELADA) VALUES ('2025-08-25', 0.00, 0.00, 0.00, 'N');
INSERT INTO VENDAITEM (CODIGO_VENDA,CODIGO_PRODUTO,VALOR,QTDE,VALOR_SUBTOTAL) VALUES (4, 5, 10.50, 1, 10.50);
INSERT INTO VENDAITEM (CODIGO_VENDA,CODIGO_PRODUTO,VALOR,QTDE,VALOR_SUBTOTAL) VALUES (4, 6, 12.00, 2, 24.00);
INSERT INTO VENDAITEM (CODIGO_VENDA,CODIGO_PRODUTO,VALOR,QTDE,VALOR_SUBTOTAL) VALUES (4, 7, 13.50, 3, 40.50);
INSERT INTO VENDAITEM (CODIGO_VENDA,CODIGO_PRODUTO,VALOR,QTDE,VALOR_SUBTOTAL) VALUES (4, 8, 15.00, 1, 15.00);
INSERT INTO VENDAITEM (CODIGO_VENDA,CODIGO_PRODUTO,VALOR,QTDE,VALOR_SUBTOTAL) VALUES (4, 9, 16.50, 2, 33.00);
INSERT INTO VENDARECEITA (CODIGO_VENDA,CODIGO_RECEITA,DESCRICAO_RECEITA,VALOR) VALUES (4, 2, 'Cartão Crédito', 0.00);
INSERT INTO VENDA (DATA,VALOR_BRUTO,VALOR_DESCONTO,VALOR_LIQUIDO,CANCELADA) VALUES ('2025-08-26', 0.00, 0.00, 0.00, 'N');
INSERT INTO VENDAITEM (CODIGO_VENDA,CODIGO_PRODUTO,VALOR,QTDE,VALOR_SUBTOTAL) VALUES (5, 6, 12.00, 1, 12.00);
INSERT INTO VENDAITEM (CODIGO_VENDA,CODIGO_PRODUTO,VALOR,QTDE,VALOR_SUBTOTAL) VALUES (5, 7, 13.50, 2, 27.00);
INSERT INTO VENDAITEM (CODIGO_VENDA,CODIGO_PRODUTO,VALOR,QTDE,VALOR_SUBTOTAL) VALUES (5, 8, 15.00, 3, 45.00);
INSERT INTO VENDAITEM (CODIGO_VENDA,CODIGO_PRODUTO,VALOR,QTDE,VALOR_SUBTOTAL) VALUES (5, 9, 16.50, 1, 16.50);
INSERT INTO VENDAITEM (CODIGO_VENDA,CODIGO_PRODUTO,VALOR,QTDE,VALOR_SUBTOTAL) VALUES (5, 10, 18.00, 2, 36.00);
INSERT INTO VENDAITEM (CODIGO_VENDA,CODIGO_PRODUTO,VALOR,QTDE,VALOR_SUBTOTAL) VALUES (5, 11, 19.50, 3, 58.50);
INSERT INTO VENDARECEITA (CODIGO_VENDA,CODIGO_RECEITA,DESCRICAO_RECEITA,VALOR) VALUES (5, 3, 'Cartão Débito', 0.00);
INSERT INTO VENDA (DATA,VALOR_BRUTO,VALOR_DESCONTO,VALOR_LIQUIDO,CANCELADA) VALUES ('2025-08-27', 0.00, 0.00, 0.00, 'N');
INSERT INTO VENDAITEM (CODIGO_VENDA,CODIGO_PRODUTO,VALOR,QTDE,VALOR_SUBTOTAL) VALUES (6, 7, 13.50, 1, 13.50);
INSERT INTO VENDARECEITA (CODIGO_VENDA,CODIGO_RECEITA,DESCRICAO_RECEITA,VALOR) VALUES (6, 1, 'Dinheiro', 0.00);
INSERT INTO VENDA (DATA,VALOR_BRUTO,VALOR_DESCONTO,VALOR_LIQUIDO,CANCELADA) VALUES ('2025-08-28', 0.00, 0.00, 0.00, 'N');
INSERT INTO VENDAITEM (CODIGO_VENDA,CODIGO_PRODUTO,VALOR,QTDE,VALOR_SUBTOTAL) VALUES (7, 8, 15.00, 1, 15.00);
INSERT INTO VENDAITEM (CODIGO_VENDA,CODIGO_PRODUTO,VALOR,QTDE,VALOR_SUBTOTAL) VALUES (7, 9, 16.50, 2, 33.00);
INSERT INTO VENDARECEITA (CODIGO_VENDA,CODIGO_RECEITA,DESCRICAO_RECEITA,VALOR) VALUES (7, 2, 'Cartão Crédito', 0.00);
INSERT INTO VENDADESCONTO (CODIGO_VENDA,CODIGO_DESCONTO,DESCRICAO_DESCONTO,PERCENTUAL,VALOR_PERCENTUAL) VALUES (7, 1, 'Desconto de 10%', 10.00, 0.00);
INSERT INTO VENDA (DATA,VALOR_BRUTO,VALOR_DESCONTO,VALOR_LIQUIDO,CANCELADA) VALUES ('2025-08-29', 0.00, 0.00, 0.00, 'N');
INSERT INTO VENDAITEM (CODIGO_VENDA,CODIGO_PRODUTO,VALOR,QTDE,VALOR_SUBTOTAL) VALUES (8, 9, 16.50, 1, 16.50);
INSERT INTO VENDAITEM (CODIGO_VENDA,CODIGO_PRODUTO,VALOR,QTDE,VALOR_SUBTOTAL) VALUES (8, 10, 18.00, 2, 36.00);
INSERT INTO VENDAITEM (CODIGO_VENDA,CODIGO_PRODUTO,VALOR,QTDE,VALOR_SUBTOTAL) VALUES (8, 11, 19.50, 3, 58.50);
INSERT INTO VENDARECEITA (CODIGO_VENDA,CODIGO_RECEITA,DESCRICAO_RECEITA,VALOR) VALUES (8, 3, 'Cartão Débito', 0.00);
INSERT INTO VENDA (DATA,VALOR_BRUTO,VALOR_DESCONTO,VALOR_LIQUIDO,CANCELADA) VALUES ('2025-08-30', 0.00, 0.00, 0.00, 'N');
INSERT INTO VENDAITEM (CODIGO_VENDA,CODIGO_PRODUTO,VALOR,QTDE,VALOR_SUBTOTAL) VALUES (9, 10, 18.00, 1, 18.00);
INSERT INTO VENDAITEM (CODIGO_VENDA,CODIGO_PRODUTO,VALOR,QTDE,VALOR_SUBTOTAL) VALUES (9, 11, 19.50, 2, 39.00);
INSERT INTO VENDAITEM (CODIGO_VENDA,CODIGO_PRODUTO,VALOR,QTDE,VALOR_SUBTOTAL) VALUES (9, 12, 21.00, 3, 63.00);
INSERT INTO VENDAITEM (CODIGO_VENDA,CODIGO_PRODUTO,VALOR,QTDE,VALOR_SUBTOTAL) VALUES (9, 13, 22.50, 1, 22.50);
INSERT INTO VENDARECEITA (CODIGO_VENDA,CODIGO_RECEITA,DESCRICAO_RECEITA,VALOR) VALUES (9, 1, 'Dinheiro', 0.00);
INSERT INTO VENDA (DATA,VALOR_BRUTO,VALOR_DESCONTO,VALOR_LIQUIDO,CANCELADA) VALUES ('2025-08-31', 0.00, 0.00, 0.00, 'S');
INSERT INTO VENDAITEM (CODIGO_VENDA,CODIGO_PRODUTO,VALOR,QTDE,VALOR_SUBTOTAL) VALUES (10, 11, 19.50, 1, 19.50);
INSERT INTO VENDAITEM (CODIGO_VENDA,CODIGO_PRODUTO,VALOR,QTDE,VALOR_SUBTOTAL) VALUES (10, 12, 21.00, 2, 42.00);
INSERT INTO VENDAITEM (CODIGO_VENDA,CODIGO_PRODUTO,VALOR,QTDE,VALOR_SUBTOTAL) VALUES (10, 13, 22.50, 3, 67.50);
INSERT INTO VENDAITEM (CODIGO_VENDA,CODIGO_PRODUTO,VALOR,QTDE,VALOR_SUBTOTAL) VALUES (10, 14, 24.00, 1, 24.00);
INSERT INTO VENDAITEM (CODIGO_VENDA,CODIGO_PRODUTO,VALOR,QTDE,VALOR_SUBTOTAL) VALUES (10, 15, 25.50, 2, 51.00);
INSERT INTO VENDARECEITA (CODIGO_VENDA,CODIGO_RECEITA,DESCRICAO_RECEITA,VALOR) VALUES (10, 2, 'Cartão Crédito', 0.00);
INSERT INTO VENDA (DATA,VALOR_BRUTO,VALOR_DESCONTO,VALOR_LIQUIDO,CANCELADA) VALUES ('2025-09-01', 0.00, 0.00, 0.00, 'N');
INSERT INTO VENDAITEM (CODIGO_VENDA,CODIGO_PRODUTO,VALOR,QTDE,VALOR_SUBTOTAL) VALUES (11, 12, 21.00, 1, 21.00);
INSERT INTO VENDAITEM (CODIGO_VENDA,CODIGO_PRODUTO,VALOR,QTDE,VALOR_SUBTOTAL) VALUES (11, 13, 22.50, 2, 45.00);
INSERT INTO VENDAITEM (CODIGO_VENDA,CODIGO_PRODUTO,VALOR,QTDE,VALOR_SUBTOTAL) VALUES (11, 14, 24.00, 3, 72.00);
INSERT INTO VENDAITEM (CODIGO_VENDA,CODIGO_PRODUTO,VALOR,QTDE,VALOR_SUBTOTAL) VALUES (11, 15, 25.50, 1, 25.50);
INSERT INTO VENDAITEM (CODIGO_VENDA,CODIGO_PRODUTO,VALOR,QTDE,VALOR_SUBTOTAL) VALUES (11, 1, 4.50, 2, 9.00);
INSERT INTO VENDAITEM (CODIGO_VENDA,CODIGO_PRODUTO,VALOR,QTDE,VALOR_SUBTOTAL) VALUES (11, 2, 6.00, 3, 18.00);
INSERT INTO VENDARECEITA (CODIGO_VENDA,CODIGO_RECEITA,DESCRICAO_RECEITA,VALOR) VALUES (11, 3, 'Cartão Débito', 0.00);
INSERT INTO VENDA (DATA,VALOR_BRUTO,VALOR_DESCONTO,VALOR_LIQUIDO,CANCELADA) VALUES ('2025-09-02', 0.00, 0.00, 0.00, 'N');
INSERT INTO VENDAITEM (CODIGO_VENDA,CODIGO_PRODUTO,VALOR,QTDE,VALOR_SUBTOTAL) VALUES (12, 13, 22.50, 1, 22.50);
INSERT INTO VENDARECEITA (CODIGO_VENDA,CODIGO_RECEITA,DESCRICAO_RECEITA,VALOR) VALUES (12, 1, 'Dinheiro', 0.00);
INSERT INTO VENDA (DATA,VALOR_BRUTO,VALOR_DESCONTO,VALOR_LIQUIDO,CANCELADA) VALUES ('2025-09-03', 0.00, 0.00, 0.00, 'N');
INSERT INTO VENDAITEM (CODIGO_VENDA,CODIGO_PRODUTO,VALOR,QTDE,VALOR_SUBTOTAL) VALUES (13, 14, 24.00, 1, 24.00);
INSERT INTO VENDAITEM (CODIGO_VENDA,CODIGO_PRODUTO,VALOR,QTDE,VALOR_SUBTOTAL) VALUES (13, 15, 25.50, 2, 51.00);
INSERT INTO VENDARECEITA (CODIGO_VENDA,CODIGO_RECEITA,DESCRICAO_RECEITA,VALOR) VALUES (13, 2, 'Cartão Crédito', 0.00);
INSERT INTO VENDA (DATA,VALOR_BRUTO,VALOR_DESCONTO,VALOR_LIQUIDO,CANCELADA) VALUES ('2025-09-04', 0.00, 0.00, 0.00, 'N');
INSERT INTO VENDAITEM (CODIGO_VENDA,CODIGO_PRODUTO,VALOR,QTDE,VALOR_SUBTOTAL) VALUES (14, 15, 25.50, 1, 25.50);
INSERT INTO VENDAITEM (CODIGO_VENDA,CODIGO_PRODUTO,VALOR,QTDE,VALOR_SUBTOTAL) VALUES (14, 1, 4.50, 2, 9.00);
INSERT INTO VENDAITEM (CODIGO_VENDA,CODIGO_PRODUTO,VALOR,QTDE,VALOR_SUBTOTAL) VALUES (14, 2, 6.00, 3, 18.00);
INSERT INTO VENDARECEITA (CODIGO_VENDA,CODIGO_RECEITA,DESCRICAO_RECEITA,VALOR) VALUES (14, 3, 'Cartão Débito', 0.00);
INSERT INTO VENDADESCONTO (CODIGO_VENDA,CODIGO_DESCONTO,DESCRICAO_DESCONTO,PERCENTUAL,VALOR_PERCENTUAL) VALUES (14, 1, 'Desconto de 10%', 10.00, 0.00);
INSERT INTO VENDA (DATA,VALOR_BRUTO,VALOR_DESCONTO,VALOR_LIQUIDO,CANCELADA) VALUES ('2025-09-05', 0.00, 0.00, 0.00, 'N');
INSERT INTO VENDAITEM (CODIGO_VENDA,CODIGO_PRODUTO,VALOR,QTDE,VALOR_SUBTOTAL) VALUES (15, 1, 4.50, 1, 4.50);
INSERT INTO VENDAITEM (CODIGO_VENDA,CODIGO_PRODUTO,VALOR,QTDE,VALOR_SUBTOTAL) VALUES (15, 2, 6.00, 2, 12.00);
INSERT INTO VENDAITEM (CODIGO_VENDA,CODIGO_PRODUTO,VALOR,QTDE,VALOR_SUBTOTAL) VALUES (15, 3, 7.50, 3, 22.50);
INSERT INTO VENDAITEM (CODIGO_VENDA,CODIGO_PRODUTO,VALOR,QTDE,VALOR_SUBTOTAL) VALUES (15, 4, 9.00, 1, 9.00);
INSERT INTO VENDARECEITA (CODIGO_VENDA,CODIGO_RECEITA,DESCRICAO_RECEITA,VALOR) VALUES (15, 1, 'Dinheiro', 0.00);
INSERT INTO VENDA (DATA,VALOR_BRUTO,VALOR_DESCONTO,VALOR_LIQUIDO,CANCELADA) VALUES ('2025-09-06', 0.00, 0.00, 0.00, 'N');
INSERT INTO VENDAITEM (CODIGO_VENDA,CODIGO_PRODUTO,VALOR,QTDE,VALOR_SUBTOTAL) VALUES (16, 2, 6.00, 1, 6.00);
INSERT INTO VENDAITEM (CODIGO_VENDA,CODIGO_PRODUTO,VALOR,QTDE,VALOR_SUBTOTAL) VALUES (16, 3, 7.50, 2, 15.00);
INSERT INTO VENDAITEM (CODIGO_VENDA,CODIGO_PRODUTO,VALOR,QTDE,VALOR_SUBTOTAL) VALUES (16, 4, 9.00, 3, 27.00);
INSERT INTO VENDAITEM (CODIGO_VENDA,CODIGO_PRODUTO,VALOR,QTDE,VALOR_SUBTOTAL) VALUES (16, 5, 10.50, 1, 10.50);
INSERT INTO VENDAITEM (CODIGO_VENDA,CODIGO_PRODUTO,VALOR,QTDE,VALOR_SUBTOTAL) VALUES (16, 6, 12.00, 2, 24.00);
INSERT INTO VENDARECEITA (CODIGO_VENDA,CODIGO_RECEITA,DESCRICAO_RECEITA,VALOR) VALUES (16, 2, 'Cartão Crédito', 0.00);
INSERT INTO VENDA (DATA,VALOR_BRUTO,VALOR_DESCONTO,VALOR_LIQUIDO,CANCELADA) VALUES ('2025-09-07', 0.00, 0.00, 0.00, 'N');
INSERT INTO VENDAITEM (CODIGO_VENDA,CODIGO_PRODUTO,VALOR,QTDE,VALOR_SUBTOTAL) VALUES (17, 3, 7.50, 1, 7.50);
INSERT INTO VENDAITEM (CODIGO_VENDA,CODIGO_PRODUTO,VALOR,QTDE,VALOR_SUBTOTAL) VALUES (17, 4, 9.00, 2, 18.00);
INSERT INTO VENDAITEM (CODIGO_VENDA,CODIGO_PRODUTO,VALOR,QTDE,VALOR_SUBTOTAL) VALUES (17, 5, 10.50, 3, 31.50);
INSERT INTO VENDAITEM (CODIGO_VENDA,CODIGO_PRODUTO,VALOR,QTDE,VALOR_SUBTOTAL) VALUES (17, 6, 12.00, 1, 12.00);
INSERT INTO VENDAITEM (CODIGO_VENDA,CODIGO_PRODUTO,VALOR,QTDE,VALOR_SUBTOTAL) VALUES (17, 7, 13.50, 2, 27.00);
INSERT INTO VENDAITEM (CODIGO_VENDA,CODIGO_PRODUTO,VALOR,QTDE,VALOR_SUBTOTAL) VALUES (17, 8, 15.00, 3, 45.00);
INSERT INTO VENDARECEITA (CODIGO_VENDA,CODIGO_RECEITA,DESCRICAO_RECEITA,VALOR) VALUES (17, 3, 'Cartão Débito', 0.00);
INSERT INTO VENDA (DATA,VALOR_BRUTO,VALOR_DESCONTO,VALOR_LIQUIDO,CANCELADA) VALUES ('2025-09-08', 0.00, 0.00, 0.00, 'N');
INSERT INTO VENDAITEM (CODIGO_VENDA,CODIGO_PRODUTO,VALOR,QTDE,VALOR_SUBTOTAL) VALUES (18, 4, 9.00, 1, 9.00);
INSERT INTO VENDARECEITA (CODIGO_VENDA,CODIGO_RECEITA,DESCRICAO_RECEITA,VALOR) VALUES (18, 1, 'Dinheiro', 0.00);
INSERT INTO VENDA (DATA,VALOR_BRUTO,VALOR_DESCONTO,VALOR_LIQUIDO,CANCELADA) VALUES ('2025-09-09', 0.00, 0.00, 0.00, 'N');
INSERT INTO VENDAITEM (CODIGO_VENDA,CODIGO_PRODUTO,VALOR,QTDE,VALOR_SUBTOTAL) VALUES (19, 5, 10.50, 1, 10.50);
INSERT INTO VENDAITEM (CODIGO_VENDA,CODIGO_PRODUTO,VALOR,QTDE,VALOR_SUBTOTAL) VALUES (19, 6, 12.00, 2, 24.00);
INSERT INTO VENDARECEITA (CODIGO_VENDA,CODIGO_RECEITA,DESCRICAO_RECEITA,VALOR) VALUES (19, 2, 'Cartão Crédito', 0.00);
INSERT INTO VENDA (DATA,VALOR_BRUTO,VALOR_DESCONTO,VALOR_LIQUIDO,CANCELADA) VALUES ('2025-09-10', 0.00, 0.00, 0.00, 'S');
INSERT INTO VENDAITEM (CODIGO_VENDA,CODIGO_PRODUTO,VALOR,QTDE,VALOR_SUBTOTAL) VALUES (20, 6, 12.00, 1, 12.00);
INSERT INTO VENDAITEM (CODIGO_VENDA,CODIGO_PRODUTO,VALOR,QTDE,VALOR_SUBTOTAL) VALUES (20, 7, 13.50, 2, 27.00);
INSERT INTO VENDAITEM (CODIGO_VENDA,CODIGO_PRODUTO,VALOR,QTDE,VALOR_SUBTOTAL) VALUES (20, 8, 15.00, 3, 45.00);
INSERT INTO VENDARECEITA (CODIGO_VENDA,CODIGO_RECEITA,DESCRICAO_RECEITA,VALOR) VALUES (20, 3, 'Cartão Débito', 0.00);
INSERT INTO VENDA (DATA,VALOR_BRUTO,VALOR_DESCONTO,VALOR_LIQUIDO,CANCELADA) VALUES ('2025-09-11', 0.00, 0.00, 0.00, 'N');
INSERT INTO VENDAITEM (CODIGO_VENDA,CODIGO_PRODUTO,VALOR,QTDE,VALOR_SUBTOTAL) VALUES (21, 7, 13.50, 1, 13.50);
INSERT INTO VENDAITEM (CODIGO_VENDA,CODIGO_PRODUTO,VALOR,QTDE,VALOR_SUBTOTAL) VALUES (21, 8, 15.00, 2, 30.00);
INSERT INTO VENDAITEM (CODIGO_VENDA,CODIGO_PRODUTO,VALOR,QTDE,VALOR_SUBTOTAL) VALUES (21, 9, 16.50, 3, 49.50);
INSERT INTO VENDAITEM (CODIGO_VENDA,CODIGO_PRODUTO,VALOR,QTDE,VALOR_SUBTOTAL) VALUES (21, 10, 18.00, 1, 18.00);
INSERT INTO VENDARECEITA (CODIGO_VENDA,CODIGO_RECEITA,DESCRICAO_RECEITA,VALOR) VALUES (21, 1, 'Dinheiro', 0.00);
INSERT INTO VENDADESCONTO (CODIGO_VENDA,CODIGO_DESCONTO,DESCRICAO_DESCONTO,PERCENTUAL,VALOR_PERCENTUAL) VALUES (21, 1, 'Desconto de 10%', 10.00, 0.00);
INSERT INTO VENDA (DATA,VALOR_BRUTO,VALOR_DESCONTO,VALOR_LIQUIDO,CANCELADA) VALUES ('2025-09-12', 0.00, 0.00, 0.00, 'N');
INSERT INTO VENDAITEM (CODIGO_VENDA,CODIGO_PRODUTO,VALOR,QTDE,VALOR_SUBTOTAL) VALUES (22, 8, 15.00, 1, 15.00);
INSERT INTO VENDAITEM (CODIGO_VENDA,CODIGO_PRODUTO,VALOR,QTDE,VALOR_SUBTOTAL) VALUES (22, 9, 16.50, 2, 33.00);
INSERT INTO VENDAITEM (CODIGO_VENDA,CODIGO_PRODUTO,VALOR,QTDE,VALOR_SUBTOTAL) VALUES (22, 10, 18.00, 3, 54.00);
INSERT INTO VENDAITEM (CODIGO_VENDA,CODIGO_PRODUTO,VALOR,QTDE,VALOR_SUBTOTAL) VALUES (22, 11, 19.50, 1, 19.50);
INSERT INTO VENDAITEM (CODIGO_VENDA,CODIGO_PRODUTO,VALOR,QTDE,VALOR_SUBTOTAL) VALUES (22, 12, 21.00, 2, 42.00);
INSERT INTO VENDARECEITA (CODIGO_VENDA,CODIGO_RECEITA,DESCRICAO_RECEITA,VALOR) VALUES (22, 2, 'Cartão Crédito', 0.00);
INSERT INTO VENDA (DATA,VALOR_BRUTO,VALOR_DESCONTO,VALOR_LIQUIDO,CANCELADA) VALUES ('2025-09-13', 0.00, 0.00, 0.00, 'N');
INSERT INTO VENDAITEM (CODIGO_VENDA,CODIGO_PRODUTO,VALOR,QTDE,VALOR_SUBTOTAL) VALUES (23, 9, 16.50, 1, 16.50);
INSERT INTO VENDAITEM (CODIGO_VENDA,CODIGO_PRODUTO,VALOR,QTDE,VALOR_SUBTOTAL) VALUES (23, 10, 18.00, 2, 36.00);
INSERT INTO VENDAITEM (CODIGO_VENDA,CODIGO_PRODUTO,VALOR,QTDE,VALOR_SUBTOTAL) VALUES (23, 11, 19.50, 3, 58.50);
INSERT INTO VENDAITEM (CODIGO_VENDA,CODIGO_PRODUTO,VALOR,QTDE,VALOR_SUBTOTAL) VALUES (23, 12, 21.00, 1, 21.00);
INSERT INTO VENDAITEM (CODIGO_VENDA,CODIGO_PRODUTO,VALOR,QTDE,VALOR_SUBTOTAL) VALUES (23, 13, 22.50, 2, 45.00);
INSERT INTO VENDAITEM (CODIGO_VENDA,CODIGO_PRODUTO,VALOR,QTDE,VALOR_SUBTOTAL) VALUES (23, 14, 24.00, 3, 72.00);
INSERT INTO VENDARECEITA (CODIGO_VENDA,CODIGO_RECEITA,DESCRICAO_RECEITA,VALOR) VALUES (23, 3, 'Cartão Débito', 0.00);
INSERT INTO VENDA (DATA,VALOR_BRUTO,VALOR_DESCONTO,VALOR_LIQUIDO,CANCELADA) VALUES ('2025-09-14', 0.00, 0.00, 0.00, 'N');
INSERT INTO VENDAITEM (CODIGO_VENDA,CODIGO_PRODUTO,VALOR,QTDE,VALOR_SUBTOTAL) VALUES (24, 10, 18.00, 1, 18.00);
INSERT INTO VENDARECEITA (CODIGO_VENDA,CODIGO_RECEITA,DESCRICAO_RECEITA,VALOR) VALUES (24, 1, 'Dinheiro', 0.00);
INSERT INTO VENDA (DATA,VALOR_BRUTO,VALOR_DESCONTO,VALOR_LIQUIDO,CANCELADA) VALUES ('2025-09-15', 0.00, 0.00, 0.00, 'N');
INSERT INTO VENDAITEM (CODIGO_VENDA,CODIGO_PRODUTO,VALOR,QTDE,VALOR_SUBTOTAL) VALUES (25, 11, 19.50, 1, 19.50);
INSERT INTO VENDAITEM (CODIGO_VENDA,CODIGO_PRODUTO,VALOR,QTDE,VALOR_SUBTOTAL) VALUES (25, 12, 21.00, 2, 42.00);
INSERT INTO VENDARECEITA (CODIGO_VENDA,CODIGO_RECEITA,DESCRICAO_RECEITA,VALOR) VALUES (25, 2, 'Cartão Crédito', 0.00);
INSERT INTO VENDA (DATA,VALOR_BRUTO,VALOR_DESCONTO,VALOR_LIQUIDO,CANCELADA) VALUES ('2025-09-16', 0.00, 0.00, 0.00, 'N');
INSERT INTO VENDAITEM (CODIGO_VENDA,CODIGO_PRODUTO,VALOR,QTDE,VALOR_SUBTOTAL) VALUES (26, 12, 21.00, 1, 21.00);
INSERT INTO VENDAITEM (CODIGO_VENDA,CODIGO_PRODUTO,VALOR,QTDE,VALOR_SUBTOTAL) VALUES (26, 13, 22.50, 2, 45.00);
INSERT INTO VENDAITEM (CODIGO_VENDA,CODIGO_PRODUTO,VALOR,QTDE,VALOR_SUBTOTAL) VALUES (26, 14, 24.00, 3, 72.00);
INSERT INTO VENDARECEITA (CODIGO_VENDA,CODIGO_RECEITA,DESCRICAO_RECEITA,VALOR) VALUES (26, 3, 'Cartão Débito', 0.00);
INSERT INTO VENDA (DATA,VALOR_BRUTO,VALOR_DESCONTO,VALOR_LIQUIDO,CANCELADA) VALUES ('2025-09-17', 0.00, 0.00, 0.00, 'N');
INSERT INTO VENDAITEM (CODIGO_VENDA,CODIGO_PRODUTO,VALOR,QTDE,VALOR_SUBTOTAL) VALUES (27, 13, 22.50, 1, 22.50);
INSERT INTO VENDAITEM (CODIGO_VENDA,CODIGO_PRODUTO,VALOR,QTDE,VALOR_SUBTOTAL) VALUES (27, 14, 24.00, 2, 48.00);
INSERT INTO VENDAITEM (CODIGO_VENDA,CODIGO_PRODUTO,VALOR,QTDE,VALOR_SUBTOTAL) VALUES (27, 15, 25.50, 3, 76.50);
INSERT INTO VENDAITEM (CODIGO_VENDA,CODIGO_PRODUTO,VALOR,QTDE,VALOR_SUBTOTAL) VALUES (27, 1, 4.50, 1, 4.50);
INSERT INTO VENDARECEITA (CODIGO_VENDA,CODIGO_RECEITA,DESCRICAO_RECEITA,VALOR) VALUES (27, 1, 'Dinheiro', 0.00);
INSERT INTO VENDA (DATA,VALOR_BRUTO,VALOR_DESCONTO,VALOR_LIQUIDO,CANCELADA) VALUES ('2025-09-18', 0.00, 0.00, 0.00, 'N');
INSERT INTO VENDAITEM (CODIGO_VENDA,CODIGO_PRODUTO,VALOR,QTDE,VALOR_SUBTOTAL) VALUES (28, 14, 24.00, 1, 24.00);
INSERT INTO VENDAITEM (CODIGO_VENDA,CODIGO_PRODUTO,VALOR,QTDE,VALOR_SUBTOTAL) VALUES (28, 15, 25.50, 2, 51.00);
INSERT INTO VENDAITEM (CODIGO_VENDA,CODIGO_PRODUTO,VALOR,QTDE,VALOR_SUBTOTAL) VALUES (28, 1, 4.50, 3, 13.50);
INSERT INTO VENDAITEM (CODIGO_VENDA,CODIGO_PRODUTO,VALOR,QTDE,VALOR_SUBTOTAL) VALUES (28, 2, 6.00, 1, 6.00);
INSERT INTO VENDAITEM (CODIGO_VENDA,CODIGO_PRODUTO,VALOR,QTDE,VALOR_SUBTOTAL) VALUES (28, 3, 7.50, 2, 15.00);
INSERT INTO VENDARECEITA (CODIGO_VENDA,CODIGO_RECEITA,DESCRICAO_RECEITA,VALOR) VALUES (28, 2, 'Cartão Crédito', 0.00);
INSERT INTO VENDADESCONTO (CODIGO_VENDA,CODIGO_DESCONTO,DESCRICAO_DESCONTO,PERCENTUAL,VALOR_PERCENTUAL) VALUES (28, 1, 'Desconto de 10%', 10.00, 0.00);
INSERT INTO VENDA (DATA,VALOR_BRUTO,VALOR_DESCONTO,VALOR_LIQUIDO,CANCELADA) VALUES ('2025-09-19', 0.00, 0.00, 0.00, 'N');
INSERT INTO VENDAITEM (CODIGO_VENDA,CODIGO_PRODUTO,VALOR,QTDE,VALOR_SUBTOTAL) VALUES (29, 15, 25.50, 1, 25.50);
INSERT INTO VENDAITEM (CODIGO_VENDA,CODIGO_PRODUTO,VALOR,QTDE,VALOR_SUBTOTAL) VALUES (29, 1, 4.50, 2, 9.00);
INSERT INTO VENDAITEM (CODIGO_VENDA,CODIGO_PRODUTO,VALOR,QTDE,VALOR_SUBTOTAL) VALUES (29, 2, 6.00, 3, 18.00);
INSERT INTO VENDAITEM (CODIGO_VENDA,CODIGO_PRODUTO,VALOR,QTDE,VALOR_SUBTOTAL) VALUES (29, 3, 7.50, 1, 7.50);
INSERT INTO VENDAITEM (CODIGO_VENDA,CODIGO_PRODUTO,VALOR,QTDE,VALOR_SUBTOTAL) VALUES (29, 4, 9.00, 2, 18.00);
INSERT INTO VENDAITEM (CODIGO_VENDA,CODIGO_PRODUTO,VALOR,QTDE,VALOR_SUBTOTAL) VALUES (29, 5, 10.50, 3, 31.50);
INSERT INTO VENDARECEITA (CODIGO_VENDA,CODIGO_RECEITA,DESCRICAO_RECEITA,VALOR) VALUES (29, 3, 'Cartão Débito', 0.00);
INSERT INTO VENDA (DATA,VALOR_BRUTO,VALOR_DESCONTO,VALOR_LIQUIDO,CANCELADA) VALUES ('2025-08-21', 0.00, 0.00, 0.00, 'S');
INSERT INTO VENDAITEM (CODIGO_VENDA,CODIGO_PRODUTO,VALOR,QTDE,VALOR_SUBTOTAL) VALUES (30, 1, 4.50, 1, 4.50);
INSERT INTO VENDARECEITA (CODIGO_VENDA,CODIGO_RECEITA,DESCRICAO_RECEITA,VALOR) VALUES (30, 1, 'Dinheiro', 0.00);
INSERT INTO VENDA (DATA,VALOR_BRUTO,VALOR_DESCONTO,VALOR_LIQUIDO,CANCELADA) VALUES ('2025-08-22', 0.00, 0.00, 0.00, 'N');
INSERT INTO VENDAITEM (CODIGO_VENDA,CODIGO_PRODUTO,VALOR,QTDE,VALOR_SUBTOTAL) VALUES (31, 2, 6.00, 1, 6.00);
INSERT INTO VENDAITEM (CODIGO_VENDA,CODIGO_PRODUTO,VALOR,QTDE,VALOR_SUBTOTAL) VALUES (31, 3, 7.50, 2, 15.00);
INSERT INTO VENDARECEITA (CODIGO_VENDA,CODIGO_RECEITA,DESCRICAO_RECEITA,VALOR) VALUES (31, 2, 'Cartão Crédito', 0.00);
INSERT INTO VENDA (DATA,VALOR_BRUTO,VALOR_DESCONTO,VALOR_LIQUIDO,CANCELADA) VALUES ('2025-08-23', 0.00, 0.00, 0.00, 'N');
INSERT INTO VENDAITEM (CODIGO_VENDA,CODIGO_PRODUTO,VALOR,QTDE,VALOR_SUBTOTAL) VALUES (32, 3, 7.50, 1, 7.50);
INSERT INTO VENDAITEM (CODIGO_VENDA,CODIGO_PRODUTO,VALOR,QTDE,VALOR_SUBTOTAL) VALUES (32, 4, 9.00, 2, 18.00);
INSERT INTO VENDAITEM (CODIGO_VENDA,CODIGO_PRODUTO,VALOR,QTDE,VALOR_SUBTOTAL) VALUES (32, 5, 10.50, 3, 31.50);
INSERT INTO VENDARECEITA (CODIGO_VENDA,CODIGO_RECEITA,DESCRICAO_RECEITA,VALOR) VALUES (32, 3, 'Cartão Débito', 0.00);
INSERT INTO VENDA (DATA,VALOR_BRUTO,VALOR_DESCONTO,VALOR_LIQUIDO,CANCELADA) VALUES ('2025-08-24', 0.00, 0.00, 0.00, 'N');
INSERT INTO VENDAITEM (CODIGO_VENDA,CODIGO_PRODUTO,VALOR,QTDE,VALOR_SUBTOTAL) VALUES (33, 4, 9.00, 1, 9.00);
INSERT INTO VENDAITEM (CODIGO_VENDA,CODIGO_PRODUTO,VALOR,QTDE,VALOR_SUBTOTAL) VALUES (33, 5, 10.50, 2, 21.00);
INSERT INTO VENDAITEM (CODIGO_VENDA,CODIGO_PRODUTO,VALOR,QTDE,VALOR_SUBTOTAL) VALUES (33, 6, 12.00, 3, 36.00);
INSERT INTO VENDAITEM (CODIGO_VENDA,CODIGO_PRODUTO,VALOR,QTDE,VALOR_SUBTOTAL) VALUES (33, 7, 13.50, 1, 13.50);
INSERT INTO VENDARECEITA (CODIGO_VENDA,CODIGO_RECEITA,DESCRICAO_RECEITA,VALOR) VALUES (33, 1, 'Dinheiro', 0.00);
INSERT INTO VENDA (DATA,VALOR_BRUTO,VALOR_DESCONTO,VALOR_LIQUIDO,CANCELADA) VALUES ('2025-08-25', 0.00, 0.00, 0.00, 'N');
INSERT INTO VENDAITEM (CODIGO_VENDA,CODIGO_PRODUTO,VALOR,QTDE,VALOR_SUBTOTAL) VALUES (34, 5, 10.50, 1, 10.50);
INSERT INTO VENDAITEM (CODIGO_VENDA,CODIGO_PRODUTO,VALOR,QTDE,VALOR_SUBTOTAL) VALUES (34, 6, 12.00, 2, 24.00);
INSERT INTO VENDAITEM (CODIGO_VENDA,CODIGO_PRODUTO,VALOR,QTDE,VALOR_SUBTOTAL) VALUES (34, 7, 13.50, 3, 40.50);
INSERT INTO VENDAITEM (CODIGO_VENDA,CODIGO_PRODUTO,VALOR,QTDE,VALOR_SUBTOTAL) VALUES (34, 8, 15.00, 1, 15.00);
INSERT INTO VENDAITEM (CODIGO_VENDA,CODIGO_PRODUTO,VALOR,QTDE,VALOR_SUBTOTAL) VALUES (34, 9, 16.50, 2, 33.00);
INSERT INTO VENDARECEITA (CODIGO_VENDA,CODIGO_RECEITA,DESCRICAO_RECEITA,VALOR) VALUES (34, 2, 'Cartão Crédito', 0.00);
INSERT INTO VENDA (DATA,VALOR_BRUTO,VALOR_DESCONTO,VALOR_LIQUIDO,CANCELADA) VALUES ('2025-08-26', 0.00, 0.00, 0.00, 'N');
INSERT INTO VENDAITEM (CODIGO_VENDA,CODIGO_PRODUTO,VALOR,QTDE,VALOR_SUBTOTAL) VALUES (35, 6, 12.00, 1, 12.00);
INSERT INTO VENDAITEM (CODIGO_VENDA,CODIGO_PRODUTO,VALOR,QTDE,VALOR_SUBTOTAL) VALUES (35, 7, 13.50, 2, 27.00);
INSERT INTO VENDAITEM (CODIGO_VENDA,CODIGO_PRODUTO,VALOR,QTDE,VALOR_SUBTOTAL) VALUES (35, 8, 15.00, 3, 45.00);
INSERT INTO VENDAITEM (CODIGO_VENDA,CODIGO_PRODUTO,VALOR,QTDE,VALOR_SUBTOTAL) VALUES (35, 9, 16.50, 1, 16.50);
INSERT INTO VENDAITEM (CODIGO_VENDA,CODIGO_PRODUTO,VALOR,QTDE,VALOR_SUBTOTAL) VALUES (35, 10, 18.00, 2, 36.00);
INSERT INTO VENDAITEM (CODIGO_VENDA,CODIGO_PRODUTO,VALOR,QTDE,VALOR_SUBTOTAL) VALUES (35, 11, 19.50, 3, 58.50);
INSERT INTO VENDARECEITA (CODIGO_VENDA,CODIGO_RECEITA,DESCRICAO_RECEITA,VALOR) VALUES (35, 3, 'Cartão Débito', 0.00);
INSERT INTO VENDADESCONTO (CODIGO_VENDA,CODIGO_DESCONTO,DESCRICAO_DESCONTO,PERCENTUAL,VALOR_PERCENTUAL) VALUES (35, 1, 'Desconto de 10%', 10.00, 0.00);
INSERT INTO VENDA (DATA,VALOR_BRUTO,VALOR_DESCONTO,VALOR_LIQUIDO,CANCELADA) VALUES ('2025-08-27', 0.00, 0.00, 0.00, 'N');
INSERT INTO VENDAITEM (CODIGO_VENDA,CODIGO_PRODUTO,VALOR,QTDE,VALOR_SUBTOTAL) VALUES (36, 7, 13.50, 1, 13.50);
INSERT INTO VENDARECEITA (CODIGO_VENDA,CODIGO_RECEITA,DESCRICAO_RECEITA,VALOR) VALUES (36, 1, 'Dinheiro', 0.00);
INSERT INTO VENDA (DATA,VALOR_BRUTO,VALOR_DESCONTO,VALOR_LIQUIDO,CANCELADA) VALUES ('2025-08-28', 0.00, 0.00, 0.00, 'N');
INSERT INTO VENDAITEM (CODIGO_VENDA,CODIGO_PRODUTO,VALOR,QTDE,VALOR_SUBTOTAL) VALUES (37, 8, 15.00, 1, 15.00);
INSERT INTO VENDAITEM (CODIGO_VENDA,CODIGO_PRODUTO,VALOR,QTDE,VALOR_SUBTOTAL) VALUES (37, 9, 16.50, 2, 33.00);
INSERT INTO VENDARECEITA (CODIGO_VENDA,CODIGO_RECEITA,DESCRICAO_RECEITA,VALOR) VALUES (37, 2, 'Cartão Crédito', 0.00);
INSERT INTO VENDA (DATA,VALOR_BRUTO,VALOR_DESCONTO,VALOR_LIQUIDO,CANCELADA) VALUES ('2025-08-29', 0.00, 0.00, 0.00, 'N');
INSERT INTO VENDAITEM (CODIGO_VENDA,CODIGO_PRODUTO,VALOR,QTDE,VALOR_SUBTOTAL) VALUES (38, 9, 16.50, 1, 16.50);
INSERT INTO VENDAITEM (CODIGO_VENDA,CODIGO_PRODUTO,VALOR,QTDE,VALOR_SUBTOTAL) VALUES (38, 10, 18.00, 2, 36.00);
INSERT INTO VENDAITEM (CODIGO_VENDA,CODIGO_PRODUTO,VALOR,QTDE,VALOR_SUBTOTAL) VALUES (38, 11, 19.50, 3, 58.50);
INSERT INTO VENDARECEITA (CODIGO_VENDA,CODIGO_RECEITA,DESCRICAO_RECEITA,VALOR) VALUES (38, 3, 'Cartão Débito', 0.00);
INSERT INTO VENDA (DATA,VALOR_BRUTO,VALOR_DESCONTO,VALOR_LIQUIDO,CANCELADA) VALUES ('2025-08-30', 0.00, 0.00, 0.00, 'N');
INSERT INTO VENDAITEM (CODIGO_VENDA,CODIGO_PRODUTO,VALOR,QTDE,VALOR_SUBTOTAL) VALUES (39, 10, 18.00, 1, 18.00);
INSERT INTO VENDAITEM (CODIGO_VENDA,CODIGO_PRODUTO,VALOR,QTDE,VALOR_SUBTOTAL) VALUES (39, 11, 19.50, 2, 39.00);
INSERT INTO VENDAITEM (CODIGO_VENDA,CODIGO_PRODUTO,VALOR,QTDE,VALOR_SUBTOTAL) VALUES (39, 12, 21.00, 3, 63.00);
INSERT INTO VENDAITEM (CODIGO_VENDA,CODIGO_PRODUTO,VALOR,QTDE,VALOR_SUBTOTAL) VALUES (39, 13, 22.50, 1, 22.50);
INSERT INTO VENDARECEITA (CODIGO_VENDA,CODIGO_RECEITA,DESCRICAO_RECEITA,VALOR) VALUES (39, 1, 'Dinheiro', 0.00);
INSERT INTO VENDA (DATA,VALOR_BRUTO,VALOR_DESCONTO,VALOR_LIQUIDO,CANCELADA) VALUES ('2025-08-31', 0.00, 0.00, 0.00, 'S');
INSERT INTO VENDAITEM (CODIGO_VENDA,CODIGO_PRODUTO,VALOR,QTDE,VALOR_SUBTOTAL) VALUES (40, 11, 19.50, 1, 19.50);
INSERT INTO VENDAITEM (CODIGO_VENDA,CODIGO_PRODUTO,VALOR,QTDE,VALOR_SUBTOTAL) VALUES (40, 12, 21.00, 2, 42.00);
INSERT INTO VENDAITEM (CODIGO_VENDA,CODIGO_PRODUTO,VALOR,QTDE,VALOR_SUBTOTAL) VALUES (40, 13, 22.50, 3, 67.50);
INSERT INTO VENDAITEM (CODIGO_VENDA,CODIGO_PRODUTO,VALOR,QTDE,VALOR_SUBTOTAL) VALUES (40, 14, 24.00, 1, 24.00);
INSERT INTO VENDAITEM (CODIGO_VENDA,CODIGO_PRODUTO,VALOR,QTDE,VALOR_SUBTOTAL) VALUES (40, 15, 25.50, 2, 51.00);
INSERT INTO VENDARECEITA (CODIGO_VENDA,CODIGO_RECEITA,DESCRICAO_RECEITA,VALOR) VALUES (40, 2, 'Cartão Crédito', 0.00);
INSERT INTO VENDA (DATA,VALOR_BRUTO,VALOR_DESCONTO,VALOR_LIQUIDO,CANCELADA) VALUES ('2025-09-01', 0.00, 0.00, 0.00, 'N');
INSERT INTO VENDAITEM (CODIGO_VENDA,CODIGO_PRODUTO,VALOR,QTDE,VALOR_SUBTOTAL) VALUES (41, 12, 21.00, 1, 21.00);
INSERT INTO VENDAITEM (CODIGO_VENDA,CODIGO_PRODUTO,VALOR,QTDE,VALOR_SUBTOTAL) VALUES (41, 13, 22.50, 2, 45.00);
INSERT INTO VENDAITEM (CODIGO_VENDA,CODIGO_PRODUTO,VALOR,QTDE,VALOR_SUBTOTAL) VALUES (41, 14, 24.00, 3, 72.00);
INSERT INTO VENDAITEM (CODIGO_VENDA,CODIGO_PRODUTO,VALOR,QTDE,VALOR_SUBTOTAL) VALUES (41, 15, 25.50, 1, 25.50);
INSERT INTO VENDAITEM (CODIGO_VENDA,CODIGO_PRODUTO,VALOR,QTDE,VALOR_SUBTOTAL) VALUES (41, 1, 4.50, 2, 9.00);
INSERT INTO VENDAITEM (CODIGO_VENDA,CODIGO_PRODUTO,VALOR,QTDE,VALOR_SUBTOTAL) VALUES (41, 2, 6.00, 3, 18.00);
INSERT INTO VENDARECEITA (CODIGO_VENDA,CODIGO_RECEITA,DESCRICAO_RECEITA,VALOR) VALUES (41, 3, 'Cartão Débito', 0.00);
INSERT INTO VENDA (DATA,VALOR_BRUTO,VALOR_DESCONTO,VALOR_LIQUIDO,CANCELADA) VALUES ('2025-09-02', 0.00, 0.00, 0.00, 'N');
INSERT INTO VENDAITEM (CODIGO_VENDA,CODIGO_PRODUTO,VALOR,QTDE,VALOR_SUBTOTAL) VALUES (42, 13, 22.50, 1, 22.50);
INSERT INTO VENDARECEITA (CODIGO_VENDA,CODIGO_RECEITA,DESCRICAO_RECEITA,VALOR) VALUES (42, 1, 'Dinheiro', 0.00);
INSERT INTO VENDADESCONTO (CODIGO_VENDA,CODIGO_DESCONTO,DESCRICAO_DESCONTO,PERCENTUAL,VALOR_PERCENTUAL) VALUES (42, 1, 'Desconto de 10%', 10.00, 0.00);
INSERT INTO VENDA (DATA,VALOR_BRUTO,VALOR_DESCONTO,VALOR_LIQUIDO,CANCELADA) VALUES ('2025-09-03', 0.00, 0.00, 0.00, 'N');
INSERT INTO VENDAITEM (CODIGO_VENDA,CODIGO_PRODUTO,VALOR,QTDE,VALOR_SUBTOTAL) VALUES (43, 14, 24.00, 1, 24.00);
INSERT INTO VENDAITEM (CODIGO_VENDA,CODIGO_PRODUTO,VALOR,QTDE,VALOR_SUBTOTAL) VALUES (43, 15, 25.50, 2, 51.00);
INSERT INTO VENDARECEITA (CODIGO_VENDA,CODIGO_RECEITA,DESCRICAO_RECEITA,VALOR) VALUES (43, 2, 'Cartão Crédito', 0.00);
INSERT INTO VENDA (DATA,VALOR_BRUTO,VALOR_DESCONTO,VALOR_LIQUIDO,CANCELADA) VALUES ('2025-09-04', 0.00, 0.00, 0.00, 'N');
INSERT INTO VENDAITEM (CODIGO_VENDA,CODIGO_PRODUTO,VALOR,QTDE,VALOR_SUBTOTAL) VALUES (44, 15, 25.50, 1, 25.50);
INSERT INTO VENDAITEM (CODIGO_VENDA,CODIGO_PRODUTO,VALOR,QTDE,VALOR_SUBTOTAL) VALUES (44, 1, 4.50, 2, 9.00);
INSERT INTO VENDAITEM (CODIGO_VENDA,CODIGO_PRODUTO,VALOR,QTDE,VALOR_SUBTOTAL) VALUES (44, 2, 6.00, 3, 18.00);
INSERT INTO VENDARECEITA (CODIGO_VENDA,CODIGO_RECEITA,DESCRICAO_RECEITA,VALOR) VALUES (44, 3, 'Cartão Débito', 0.00);